{
  "k_seeds": 5,
  "offsets_m": [
    0,
    50,
    100,
    200,
    300,
    500
  ],
  "geometric_fd": [
    0.0,
    0.0,
    0.013888888888888888,
    0.027777777777777776,
    0.22916666666666666,
    0.9791666666666666
  ],
  "geometric_clean_auroc": 1.0,
  "configs": {
    "cosine_baseline": {
      "learned_clean_auroc_mean": 0.7711111111111111,
      "learned_clean_auroc_std": 0.0499876527964533,
      "hybrid_clean_auroc_mean": 0.9444444444444444,
      "hybrid_clean_auroc_std": 0.0,
      "learned_fd_mean": [
        0.23888888888888887,
        0.23888888888888887,
        0.24027777777777776,
        0.23888888888888887,
        0.23888888888888887,
        0.23333333333333334
      ],
      "learned_fd_std": [
        0.09060836905722272,
        0.09060836905722272,
        0.08996741522612026,
        0.0915613873547195,
        0.0915613873547195,
        0.08878031563609382
      ],
      "hybrid_fd_mean": [
        0.016666666666666666,
        0.027777777777777773,
        0.04583333333333333,
        0.16805555555555557,
        0.16805555555555557,
        0.16805555555555557
      ],
      "hybrid_fd_std": [
        0.013608276348795434,
        0.01756820922315766,
        0.018941919023591464,
        0.04444444444444445,
        0.04444444444444445,
        0.04677071733467427
      ]
    },
    "t2v": {
      "learned_clean_auroc_mean": 0.7577777777777778,
      "learned_clean_auroc_std": 0.030951973949298058,
      "hybrid_clean_auroc_mean": 0.9444444444444444,
      "hybrid_clean_auroc_std": 0.0,
      "learned_fd_mean": [
        0.2,
        0.2013888888888889,
        0.20416666666666666,
        0.20277777777777778,
        0.20277777777777778,
        0.19861111111111113
      ],
      "learned_fd_std": [
        0.10886621079036347,
        0.10811944697793648,
        0.10664641011362481,
        0.10824426537999286,
        0.10517108343134748,
        0.10472995845282697
      ],
      "hybrid_fd_mean": [
        0.01111111111111111,
        0.016666666666666666,
        0.03611111111111111,
        0.14444444444444446,
        0.14444444444444446,
        0.14444444444444446
      ],
      "hybrid_fd_std": [
        0.013608276348795434,
        0.02041241452319315,
        0.021695137988629598,
        0.0501540835701883,
        0.04758844916392171,
        0.0501540835701883
      ]
    },
    "cross": {
      "learned_clean_auroc_mean": 0.7222222222222221,
      "learned_clean_auroc_std": 0.0737027731190089,
      "hybrid_clean_auroc_mean": 0.9444444444444444,
      "hybrid_clean_auroc_std": 0.0,
      "learned_fd_mean": [
        0.2611111111111111,
        0.2611111111111111,
        0.2625,
        0.2611111111111111,
        0.25972222222222224,
        0.25972222222222224
      ],
      "learned_fd_std": [
        0.2038215147538238,
        0.2038215147538238,
        0.20281582595857572,
        0.2042469607794797,
        0.20509520523375613,
        0.2019675594290538
      ],
      "hybrid_fd_mean": [
        0.01111111111111111,
        0.03194444444444444,
        0.05416666666666666,
        0.1736111111111111,
        0.1736111111111111,
        0.17638888888888887
      ],
      "hybrid_fd_std": [
        0.013608276348795434,
        0.04598040377013013,
        0.05931710140017395,
        0.1270662556831409,
        0.13028932666176193,
        0.12988896017486876
      ]
    },
    "han_full": {
      "learned_clean_auroc_mean": 0.7222222222222221,
      "learned_clean_auroc_std": 0.08971835216971706,
      "hybrid_clean_auroc_mean": 0.9444444444444444,
      "hybrid_clean_auroc_std": 0.0,
      "learned_fd_mean": [
        0.21666666666666665,
        0.21805555555555553,
        0.21805555555555553,
        0.21666666666666665,
        0.2125,
        0.2125
      ],
      "learned_fd_std": [
        0.15355861067872503,
        0.1526261874201795,
        0.1526261874201795,
        0.15412286665090083,
        0.15444794160708866,
        0.15173889204164068
      ],
      "hybrid_fd_mean": [
        0.01111111111111111,
        0.01944444444444444,
        0.03333333333333333,
        0.12500000000000003,
        0.12222222222222223,
        0.12500000000000003
      ],
      "hybrid_fd_std": [
        0.013608276348795434,
        0.0188398055086813,
        0.025382870670134814,
        0.0775791113542719,
        0.07677930533936252,
        0.07782736514512167
      ]
    }
  },
  "reference_prev": {
    "cosine_multiseed_clean_auroc": 0.8,
    "hybrid_v2_clean_auroc": 0.944,
    "hybrid_v2_fd_500m": 0.14,
    "learned_fd_floor": 0.19
  },
  "summary": "Ablation of Han's Time2Vec + cross-attention on the open-set matcher. Question: does fusion lower the learned false-alarm floor (~0.19) and/or raise clean AUROC, pushing the hybrid below the 0.10 target? n_test=19/seed."
}