{
  "version": "v2",
  "k_seeds": 5,
  "router": {
    "r_close_m": 80.0,
    "ang_tight_deg": 25.0,
    "sog_tol_kn": 3.0
  },
  "offsets_m": [
    0,
    50,
    100,
    200,
    300,
    500
  ],
  "false_dark": {
    "geometric_mean": [
      0.0,
      0.0,
      0.01388888888888889,
      0.02777777777777778,
      0.22916666666666666,
      0.9791666666666666
    ],
    "learned_mean": [
      0.18888888888888886,
      0.18888888888888886,
      0.19027777777777774,
      0.18888888888888886,
      0.1861111111111111,
      0.18333333333333332
    ],
    "learned_std": [
      0.10886621079036347,
      0.10886621079036347,
      0.10682713623905228,
      0.10415740699584819,
      0.10181607115617364,
      0.10445330931646203
    ],
    "hybrid_mean": [
      0.016666666666666666,
      0.025,
      0.03888888888888889,
      0.1375,
      0.13472222222222222,
      0.13611111111111113
    ],
    "hybrid_std": [
      0.013608276348795434,
      0.02041241452319315,
      0.02657100898570693,
      0.06416005256917276,
      0.0620508552880241,
      0.06798465694733566
    ]
  },
  "clean_auroc": {
    "geometric_mean": 1.0,
    "geometric_std": 0.0,
    "learned_mean": 0.7622222222222222,
    "learned_std": 0.03265986323710904,
    "hybrid_mean": 0.9444444444444444,
    "hybrid_std": 0.0
  },
  "calibration_pooled": {
    "n_test_pooled": 95,
    "temperature": 1.0,
    "ece_before": 0.20295078284029847,
    "ece_after": 0.20295078284029847
  },
  "summary": "v2 tight multi-cue router (close+course+speed). Hybrid aims for the best-of-both envelope: ~geometric at low AIS error, ~learned at high error, never worse than either; clean AUROC above pure learned. Calibration fit on pooled val. n_test=19/seed."
}