{
  "offsets_m": [
    0,
    50,
    100,
    200,
    300,
    500
  ],
  "k_seeds": 5,
  "learned_false_dark_mean": [
    0.22777777777777777,
    0.22777777777777777,
    0.22777777777777777,
    0.22777777777777777,
    0.22361111111111112,
    0.21527777777777776
  ],
  "learned_false_dark_std": [
    0.06186404847588913,
    0.06186404847588913,
    0.06186404847588913,
    0.06186404847588913,
    0.06431020501550125,
    0.06588078458684124
  ],
  "geometric_false_dark": [
    0.0,
    0.0,
    0.013888888888888888,
    0.027777777777777776,
    0.22916666666666666,
    0.9791666666666666
  ],
  "learned_clean_auroc_mean": 0.7955555555555557,
  "learned_clean_auroc_std": 0.04848316495393655,
  "learned_clean_auroc_all": [
    0.8111111111111111,
    0.7,
    0.8333333333333334,
    0.8222222222222223,
    0.8111111111111112
  ],
  "geometric_clean_auroc": 1.0
}